Vehicle Number,registrationNumber,rtoCode,ownerSr,registeredAt,registeredPlace,fitnessUpTo,taxUpTo,rcStatusAsOn,financier,insuranceCompany,insurancePolicyNo,insuranceUpTo,vehicleClass,vehicleClassDesc,manufacturingMonthYr,chassisNo,engineNo,cubicCap,maker,model,color,bodyType,fuelType,wheelbase,unladenWt,grossWt,noOfCylinder,seatCap,sleeperCap,standCap,rcNormsDesc,rcStatus,ncrbStatus,blacklistStatus,nocDetails,pucNo,pucUpTo,rcOwnerName,rcOwnerNameMasked,mobileNo,presentAddress,presentAddressMasked,permanentAddress,permanentAddressMasked,permitNo,permitIssueDt,permitValidFrom,permitValidUpTo,permitType,pinCode,rcOwnerFirstName,rcOwnerLastName,makeId,modelId,variantId,transmission,source,hypothecation,rtoNocIssued,blacklisted,makeDisplayName
UP41CT6926,UP41CT6926,UP-41,1,2025-11-17,"Barabanki ARTO, Uttar Pradesh",2027-11-16,,2026-06-09,,SBI General,874061/N0008401357,2026-11-02,LGV,Goods Carrier(LGV),9/2025,MA3EDC03TSJ3*****,K12NN45*****,1197.00,MARUTI SUZUKI INDIA LTD,SUPER CARRY STD (O) CNG,SUPERIOR WHITE,DELIVERY VAN,CNG ONLY,2110,990,1620,4,2,0,0,,ACTIVE,,,,Newv4,2026-11-16,,T*E I******L E******C C*****Y,,,"Bara Banki, 225001",,"Gautam Buddha Nagar, 201306",,,,,,,,,,,,,ulip,false,false,false,Maruti Suzuki
UP41CT6935,UP41CT6935,UP-41,1,2025-11-17,"Barabanki ARTO, Uttar Pradesh",2027-11-16,,2026-06-09,,SBI General,874055/N0008401325,2026-11-02,LGV,Goods Carrier(LGV),3/2025,MA3EDC03TSC3*****,K12NN44*****,1197.00,MARUTI SUZUKI INDIA LTD,SUPER CARRY STD (O) CNG,SUPERIOR WHITE,DELIVERY VAN,CNG ONLY,2110,990,1620,4,2,0,0,,ACTIVE,,,,Newv4,2026-11-16,,T*E I******L E******C C*****Y,,,"Bara Banki, 225001",,"Gautam Buddha Nagar, 201306",,,,,,,,,,,,,ulip,false,false,false,Maruti Suzuki
UP41CT6929,UP41CT6929,UP-41,1,2025-11-17,"Barabanki ARTO, Uttar Pradesh",2027-11-16,,2026-06-09,,SBI General,874040/N0008401343,2026-11-02,LGV,Goods Carrier(LGV),9/2025,MA3EDC03TSJ3*****,K12NN44*****,1197.00,MARUTI SUZUKI INDIA LTD,SUPER CARRY STD (O) CNG,SUPERIOR WHITE,DELIVERY VAN,CNG ONLY,2110,990,1620,4,2,0,0,,ACTIVE,,,,Newv4,2026-11-16,,T*E I******L E******C C*****Y,,,"Bara Banki, 225001",,"Gautam Buddha Nagar, 201306",,,,,,,,,,,,,ulip,false,false,false,Maruti Suzuki
UP41CT6933,UP41CT6933,UP-41,1,2025-11-17,"Barabanki ARTO, Uttar Pradesh",2027-11-16,,2026-06-09,,SBI General,874042/N0008401351,2026-11-02,LGV,Goods Carrier(LGV),9/2025,MA3EDC03TSJ3*****,K12NN45*****,1197.00,MARUTI SUZUKI INDIA LTD,SUPER CARRY STD (O) CNG,SUPERIOR WHITE,DELIVERY VAN,CNG ONLY,2110,990,1620,4,2,0,0,,ACTIVE,,,,Newv4,2026-11-16,,T*E I******L E******C C*****Y,,,"Bara Banki, 225001",,"Gautam Buddha Nagar, 201306",,,,,,,,,,,,,ulip,false,false,false,Maruti Suzuki
UP41CT6934,UP41CT6934,UP-41,1,2025-11-17,"Barabanki ARTO, Uttar Pradesh",2027-11-16,,2026-06-09,,SBI General,874063/N0008401361,2026-11-02,LGV,Goods Carrier(LGV),9/2025,MA3EDC03TSJ3*****,K12NN45*****,1197.00,MARUTI SUZUKI INDIA LTD,SUPER CARRY STD (O) CNG,SUPERIOR WHITE,DELIVERY VAN,CNG ONLY,2110,990,1620,4,2,0,0,,ACTIVE,,,,Newv4,2026-11-16,,T*E I******L E******C C*****Y,,,"Bara Banki, 225001",,"Gautam Buddha Nagar, 201306",,,,,,,,,,,,,ulip,false,false,false,Maruti Suzuki
UP41CT6931,UP41CT6931,UP-41,1,2025-11-17,"Barabanki ARTO, Uttar Pradesh",2027-11-16,,2026-06-09,,SBI General,874068/N0008401359,2026-11-02,LGV,Goods Carrier(LGV),9/2025,MA3EDC03TSJ3*****,K12NN44*****,1197.00,MARUTI SUZUKI INDIA LTD,SUPER CARRY STD (O) CNG,SUPERIOR WHITE,DELIVERY VAN,CNG ONLY,2110,990,1620,4,2,0,0,,ACTIVE,,,,Newv4,2026-11-16,,T*E I******L E******C C*****Y,,,"Bara Banki, 225001",,"Gautam Buddha Nagar, 201306",,,,,,,,,,,,,ulip,false,false,false,Maruti Suzuki
UP41AT8227,UP41AT8227,UP-41,1,2019-08-08,"Barabanki ARTO, Uttar Pradesh",2027-08-15,,2026-06-09,,Shriram General Insurance  Co. Ltd.,10003/31/26/203371,2026-07-20,LGV,Goods Carrier(LGV),5/2019,MA1FH2HLWK6E*****,HLK6E*****,909.00,MAHINDRA & MAHINDRA LIMITED,MAHINDRA SUPRO MAXITRUCK T2,M1DIMNDWHITE,HARD TOP,Diesel,2050,1090,2090,2,2,0,0,,ACTIVE,,,,UP04100890002162,2027-03-13,,C*****A S*****R,,,"Bara Banki, 225121",,"Bara Banki, 225121",,,,,,,,,,,,,ulip,false,false,false,Mahindra
UP40BT6578,UP40BT6578,UP-40,1,2024-09-12,"Bahraich, Uttar Pradesh",2026-09-11,,2026-06-09,TATA MOTORS FINANCE LTD,Cholamandalam MS General Insurance Co. Ltd.,3379/04443332/000/00,2026-08-29,LGV,Goods Carrier(LGV),3/2024,MAT535355RYC*****,1.5CR09CVXS*****,1497.00,TATA MOTORS LTD,INTRA V30 PICKUP CLB WO TCU,JOSH_BLUE,2-DOOR STEEL SHELL,Diesel,2450,1265,2565,4,2,0,0,,ACTIVE,,,,UP03201640010272,2026-10-08,,S****H C*****A,,,"Bahraich, 271871",,"Bahraich, 271871",,,,,,,,,,,,,ulip,true,false,false,Tata
UP32UN1915,UP32UN1915,UP-32,3,2023-08-31,"TRANSPORT NAGAR RTO LUCKNOW (UP32), Uttar Pradesh",2027-11-17,,2026-06-09,EQUITAS SMALL FINANCE BANK LTD,ZUNO GENERAL INSURANCE LIMITED,00000000710024989,2026-11-10,LGV,Goods Carrier(LGV),7/2023,MA1RV2TUKP6G*****,TUP4G*****,2523.00,MAHINDRA & MAHINDRA LIMITED,BOL MAXX PUP CITY 1.3 LXD,C1DMNDWHIT,DELIVERY VAN,Diesel,3150,1525,2825,4,3,0,0,,ACTIVE,,,,UP03201640010401,2026-11-09,,R***T V***A,,,"Lucknow, 227111",,"Bara Banki, 225001",,,,,,,,,,,,,ulip,true,false,false,Mahindra
UP32PN5330,UP32PN5330,UP-32,3,2021-09-13,"TRANSPORT NAGAR RTO LUCKNOW (UP32), Uttar Pradesh",2027-06-19,,2026-06-09,EQUITAS SMALL FINANCE BANK LTD,United India Insurance Co. Ltd.,0503093125P104448666,2026-06-17,LGV,Goods Carrier(LGV),6/2021,MA1ZP2TLKM6F*****,TLM4E*****,2523.00,MAHINDRA & MAHINDRA LIMITED,BMT PLUS PS 1.2T,C1DMNDWHIT,HARD TOP,Diesel,3150,1500,2700,4,2,0,0,,ACTIVE,,,,UP03201640009932,2026-06-17,,D****H K***R,,,"Lucknow, 226012",,"Bara Banki, 225003",,,,,,,,,,,,,ulip,true,false,false,Mahindra
UP32ZN7205,UP32ZN7205,UP-32,1,2025-05-01,"TRANSPORT NAGAR RTO LUCKNOW (UP32), Uttar Pradesh",2027-04-30,,2026-06-09,IDFC FIRST BANK LIMITED,SBI General,POCMVGC0100831826,2027-04-18,LGV,Goods Carrier(LGV),2/2025,MAT556051SVB*****,275MPFI04BUXS*****,694.00,TATA MOTORS LTD,ACE CNG 2.0 S CLB BSVI,ARCTIC_WHITE,2-DOOR STEEL SHELL,CNG ONLY,2250,990,1790,2,2,0,0,,ACTIVE,,,,Newv4,2026-04-30,,R****H K***R,,,"Lucknow, 227309",,"Bara Banki, 225003",,,,,,,,,,,,,ulip,true,false,false,Tata
UP32RT1420,UP32RT1420,UP-32,1,2025-09-29,"TRANSPORT NAGAR RTO LUCKNOW (UP32), Uttar Pradesh",2027-09-28,,2026-06-09,SMFG INDIA CREDIT COMPANY LIMITED,GoDigit General Insurance Ltd.,D226600252,2026-09-23,LGV,Goods Carrier(LGV),6/2025,MA3EDC03TSF3*****,K12NN44*****,1197.00,MARUTI SUZUKI INDIA LTD,SUPER CARRY STD (O) CNG,SUPERIOR WHITE,DELIVERY VAN,CNG ONLY,2110,990,1620,4,2,0,0,,ACTIVE,,,,UP07800010072063,2027-01-14,,H****H K***R,,,"Lucknow, 226018",,"Bara Banki, 225205",,,,,,,,,,,,,ulip,true,false,false,Maruti Suzuki
UP32RT9194,UP32RT9194,UP-32,1,2025-12-09,"TRANSPORT NAGAR RTO LUCKNOW (UP32), Uttar Pradesh",2027-12-08,,2026-06-09,SMFG INDIA CREDIT COMPANY LTD,GoDigit General Insurance Ltd.,D238832508,2026-11-25,LGV,Goods Carrier(LGV),7/2025,MA3EDC03TSG3*****,K12NN44*****,1197.00,MARUTI SUZUKI INDIA LTD,SUPER CARRY STD (O) CNG,SUPERIOR WHITE,DELIVERY VAN,CNG ONLY,2110,990,1620,4,2,0,0,,ACTIVE,,,,Newv4,2026-12-08,,A**N Y***V,,,"Lucknow, 226021",,"Bara Banki, 225205",,,,,,,,,,,,,ulip,true,false,false,Maruti Suzuki
UP78DT9609,UP78DT9609,UP-78,4,2018-08-18,"KANPUR NAGAR, Uttar Pradesh",2027-01-07,,2026-06-09,,ICICI Lombard General Insurance Co. Ltd.,3003/413575588/00/B00,2026-10-26,LGV,Goods Carrier(LGV),7/2018,MAT445237JZG*****,275IDI07GRYS*****,702.00,TATA MOTORS LTD,TATA ACE FACELIFT HT BS-IV,IRISH_CREAM,LOADER,Diesel,2100,720,1700,2,2,0,0,,ACTIVE,,,,UP07800030033148,2027-01-08,,A*****H E*********S,,,"Kanpur Nagar, 208007",,"Kanpur Nagar, 208007",,,,,,,,,,,,,ulip,false,false,false,Tata
UP32RT4169,UP32RT4169,UP-32,1,2025-10-18,"TRANSPORT NAGAR RTO LUCKNOW (UP32), Uttar Pradesh",2027-10-17,,2026-06-09,HDB FINANCIAL SERVICES LTD,Universal Sompo General Insurance  Co. Ltd.,2315/79617860/00/000,2026-10-05,LGV,Goods Carrier(LGV),9/2025,MAT559060SZJ*****,700CCDI06JUXS*****,702.00,TATA MOTORS LTD,ACE GOLD+ DIESEL CLB BSVI,IRISH_CREAM,2-DOOR STEEL SHELL,Diesel,2100,915,1815,2,2,0,0,,ACTIVE,,,,Newv4,2026-10-17,,J*****R K***R,,,"Lucknow, 226012",,"Bara Banki, 225201",,,,,,,,,,,,,ulip,true,false,false,Tata
UP41T2933,UP41T2933,UP-41,4,2008-01-19,"Barabanki ARTO, Uttar Pradesh",2026-09-15,2099-12-31,2026-06-09,,GoDigit General Insurance Ltd.,D224026957,2026-09-10,LGV,Goods Carrier(LGV),11/2007,445010MSZV07407ARTOBBK2*****,275IDI05MSZS*****,700.00,TATA MOTORS LTD,ONE TATA ACE,NA,LOADER,Diesel,2800,805,1550,2,2,0,0,,ACTIVE,,,,UP04100890000931,2026-03-09,,R****H,,,"Bara Banki, 225208",,"Bara Banki, 225208",,,,,,,,,,,,,ulip,false,false,false,Tata
UP32RT7262,UP32RT7262,UP-32,1,2025-11-19,"TRANSPORT NAGAR RTO LUCKNOW (UP32), Uttar Pradesh",2027-11-18,,2026-06-09,INDUSIND BANK LIMITED,Universal Sompo General Insurance  Co. Ltd.,2315/80549921/00/000,2026-11-18,LGV,Goods Carrier(LGV),11/2025,MAT559060SZN*****,700CCDI06NUXS*****,702.00,TATA MOTORS LTD,ACE GOLD+ DIESEL CLB BSVI,TITANIUM_WH,2-DOOR STEEL SHELL,Diesel,2100,915,1815,2,2,0,0,,ACTIVE,,,,Newv4,2026-11-18,,S******K D**H P****Y,,,"Lucknow, 226020",,"Lucknow, 226020",,,,,,,,,,,,,ulip,true,false,false,Tata
UP78GN2356,UP78GN2356,UP-78,2,2020-11-10,"KANPUR NAGAR, Uttar Pradesh",2026-12-27,,2026-06-09,,National Insurance Co. Ltd.,450400312510001828,2026-12-16,LGV,Goods Carrier(LGV),8/2020,MAT559004LVH*****,700CCDI02HZXS*****,702.00,TATA MOTORS LTD,TATA ACE GOLD DIESEL BS-VI,IRISH_CREAM,LOADER,Diesel,2100,925,1675,2,2,0,0,,ACTIVE,,,,UP07801970042321,2027-01-12,,OM E*********S,,,"Kanpur Nagar, 208022",,"Kanpur Nagar, 208022",,,,,,,,,,,,,ulip,false,false,false,Tata
UP78FN8122,UP78FN8122,UP-78,4,2019-03-22,"KANPUR NAGAR, Uttar Pradesh",2027-02-24,,2026-06-09,,SBI General,POCMVGC0100714141,2027-02-13,LGV,Goods Carrier(LGV),10/2018,MAT445075JZK*****,275IDI07KRYS*****,702.00,TATA MOTORS LTD,TATA ACE GOLD BS-IV,IRISH_CREAM,LOADER,Diesel,2100,840,1550,2,2,0,0,,ACTIVE,,,,UP07801970042320,2027-01-12,,OM E*********S,,,"Kanpur Nagar, 208022",,"Kanpur Nagar, 208022",,,,,,,,,,,,,ulip,false,false,false,Tata
UP32YN8717,UP32YN8717,UP-32,1,2025-01-31,"TRANSPORT NAGAR RTO LUCKNOW (UP32), Uttar Pradesh",2027-01-30,,2026-06-09,INDUSIND BANK LIMITED,SBI General,POCMVGC0100657077,2027-01-16,LGV,Goods Carrier(LGV),10/2024,MA3EDC03TRK3*****,K12NN43*****,1197.00,MARUTI SUZUKI INDIA LTD,SUPER CARRY STD CNG,SUPERIOR WHITE,DELIVERY VAN,CNG ONLY,2110,975,1600,4,2,0,0,,ACTIVE,,,,UP04100620009616,2026-11-15,,V***Y K***R,,,"Lucknow, 227205",,"Hardoi, 241202",,,,,,,,,,,,,ulip,true,false,false,Maruti Suzuki
UP41CT6927,UP41CT6927,UP-41,1,2025-11-17,"Barabanki ARTO, Uttar Pradesh",2027-11-16,,2026-06-09,,SBI General,874045/N0008401358,2026-11-02,LGV,Goods Carrier(LGV),9/2025,MA3EDC03TSJ3*****,K12NN45*****,1197.00,MARUTI SUZUKI INDIA LTD,SUPER CARRY STD (O) CNG,SUPERIOR WHITE,DELIVERY VAN,CNG ONLY,2110,990,1620,4,2,0,0,,ACTIVE,,,,Newv4,2026-11-16,,T*E I******L E******C C*****Y,,,"Bara Banki, 225001",,"Gautam Buddha Nagar, 201306",,,,,,,,,,,,,ulip,false,false,false,Maruti Suzuki
UP41CT7090,UP41CT7090,UP-41,1,2025-11-29,"Barabanki ARTO, Uttar Pradesh",2027-11-28,,2026-06-09,SMFG INDIA CREDIT COM. LTD.,SBI General,894106/N0008529969,2026-11-21,LGV,Goods Carrier(LGV),5/2025,MA3EDC03TSE3*****,K12NN44*****,1197.00,MARUTI SUZUKI INDIA LTD,SUPER CARRY STD (O),SUPERIOR WHITE,DELIVERY VAN,PETROL(E20),2110,870,1620,4,2,0,0,,ACTIVE,,,,Newv4,2026-11-28,,P*****P K***R,,,"Bara Banki, 225409",,"Bara Banki, 225409",,,,,,,,,,,,,ulip,true,false,false,Maruti Suzuki
UP32RT7719,UP32RT7719,UP-32,1,2025-11-24,"TRANSPORT NAGAR RTO LUCKNOW (UP32), Uttar Pradesh",2027-11-23,,2026-06-09,INDUSIND BANK LTD,The New India Assurance Company Limited,98000031250317992807,2026-11-10,LGV,Goods Carrier(LGV),10/2025,MA3EDC03TSK3*****,K12NN45*****,1197.00,MARUTI SUZUKI INDIA LTD,SUPER CARRY STD (O) CNG,GLISTENINGGREY,RIGID (PICK-UP TRUCK),CNG ONLY,2110,990,1620,4,2,0,0,,ACTIVE,,,,Newv4,2026-11-23,,B***I V****L,,,"Lucknow, 226025",,"Bara Banki, 227301",,,,,,,,,,,,,ulip,true,false,false,Maruti Suzuki
UP33BT3937,UP33BT3937,UP-33,1,2021-02-12,"Raibareilly, Uttar Pradesh",2027-12-22,,2026-06-09,,SBI General,POCMVGC0100547634,2026-11-14,LGV,Goods Carrier(LGV),8/2020,MAT559004LZH*****,700CCDI02HZXS*****,702.00,TATA MOTORS LTD,TATA ACE GOLD DIESEL BS-VI,IRISH_CREAM,DELIVERY,Diesel,2100,925,1675,2,2,0,0,,ACTIVE,,,,UP03600350000918,2026-12-20,,S***L K***R,,,"Rae Bareli, 229205",,"Rae Bareli, 229205",,,,,,,,,,,,,ulip,false,false,false,Tata
UP41CT3356,UP41CT3356,UP-41,3,2025-01-11,"Barabanki ARTO, Uttar Pradesh",2027-01-10,,2026-06-09,,SBI General,POCMVGC0100541582,2026-11-10,LGV,Goods Carrier(LGV),7/2024,MA3EDC03TRG3*****,K12NN42*****,1197.00,MARUTI SUZUKI INDIA LTD,SUPER CARRY STD CNG,SILKY SILVER,DELIVERY VAN,CNG ONLY,2110,975,1600,4,2,0,0,,ACTIVE,,,,UP03600340001070,2027-01-12,,R****H K***R T****I,,,"Bara Banki, 225409",,"Bara Banki, 225409",,,,,,,,,,,,,ulip,false,false,false,Maruti Suzuki
UP32MN6583,UP32MN6583,UP-32,1,2019-11-26,"TRANSPORT NAGAR RTO LUCKNOW (UP32), Uttar Pradesh",2028-04-06,,2026-06-09,TATA MOTORS FIN LTD,GoDigit General Insurance Ltd.,D234912772,2026-11-07,LGV,Goods Carrier(LGV),9/2019,MAT445075KVJ*****,275IDI07JPYS*****,702.00,TATA MOTORS LTD,TATA ACE GOLD BS-IV,IRISH_CREAM,DELIVERY VAN,Diesel,2100,840,1550,2,2,0,0,,ACTIVE,,,,UP03600350001110,2027-01-13,,G***U K***R,,,"Lucknow, 226010",,"Lucknow, 226010",,,,,,,,,,,,,ulip,true,false,false,Tata
UP32MN0013,UP32MN0013,UP-32,2,2019-06-03,"TRANSPORT NAGAR RTO LUCKNOW (UP32), Uttar Pradesh",2027-02-13,,2026-06-09,,GoDigit General Insurance Ltd.,D251304706,2027-02-11,LGV,Goods Carrier(LGV),3/2019,MAT445075KVC*****,275IDI07CPYS*****,702.00,TATA MOTORS LTD,TATA ACE GOLD BS-IV,IRISH_CREAM,DELIVERY VAN,Diesel,2100,840,1550,2,2,0,0,,ACTIVE,,,,UP03600130012114,2027-02-04,,R****H K***R T****I,,,"Lucknow, 226028",,"Bara Banki, 225409",,,,,,,,,,,,,ulip,false,false,false,Tata
UP32KN6101,UP32KN6101,UP-32,3,2018-07-06,"TRANSPORT NAGAR RTO LUCKNOW (UP32), Uttar Pradesh",2027-05-26,,2026-06-09,,United India Insurance Co. Ltd.,0801013125P104175223,2026-06-11,LGV,Goods Carrier(LGV),4/2018,MAT445237JZD*****,275IDI07DRYS*****,702.00,TATA MOTORS LTD,TATA ACE FACELIFT HT BS-IV,IRISH_CREAM,DELIVERY VAN,Diesel,2100,720,1700,2,2,0,0,,ACTIVE,,,,UP04100730003303,2026-06-09,,M******H K***R,,,"Lucknow, 227125",,"Bara Banki, 225206",,,,,,,,,,,,,ulip,false,false,false,Tata
UP41CT6930,UP41CT6930,UP-41,1,2025-11-17,"Barabanki ARTO, Uttar Pradesh",2027-11-16,,2026-06-09,,SBI General,874043/N0008401354,2026-11-02,LGV,Goods Carrier(LGV),9/2025,MA3EDC03TSJ3*****,K12NN44*****,1197.00,MARUTI SUZUKI INDIA LTD,SUPER CARRY STD (O) CNG,SUPERIOR WHITE,DELIVERY VAN,CNG ONLY,2110,990,1620,4,2,0,0,,ACTIVE,,,,Newv4,2026-11-16,,T*E I******L E******C C*****Y,,,"Bara Banki, 225001",,"Gautam Buddha Nagar, 201306",,,,,,,,,,,,,ulip,false,false,false,Maruti Suzuki
UP32MN1502,UP32MN1502,UP-32,2,2019-07-15,"TRANSPORT NAGAR RTO LUCKNOW (UP32), Uttar Pradesh",2028-05-31,,2026-06-09,,United India Insurance Co. Ltd.,1202013125P108607304,2026-08-28,LGV,Goods Carrier(LGV),4/2019,MA3FZBH1T001*****,E08AN10*****,793.00,MARUTI SUZUKI INDIA LTD,MARUTI SUPER CARRY DIESEL STD.,SUPERIOR WHITE,DELIVERY VAN,Diesel,2110,860,1600,2,2,0,0,,ACTIVE,,,,UP02501600012696,2027-02-15,,S**I R*M T*******T F*N CO L*D,,,"Lucknow, 226001",,"Lucknow, 226001",,,,,,,,,,,,,ulip,false,false,false,Maruti Suzuki
UP32KN6973,UP32KN6973,UP-32,1,2018-07-26,"TRANSPORT NAGAR RTO LUCKNOW (UP32), Uttar Pradesh",2026-04-02,,2026-06-09,TATA MOTORS FINANCE LTD,GoDigit General Insurance Ltd.,D263245349,2027-04-21,LGV,Goods Carrier(LGV),6/2018,MAT445483JZF*****,275IDI07FRYS*****,702.00,TATA MOTORS LTD,TATA ACE XL BSIV,NA,DILIVERY VAN,Diesel,2250,920,1630,2,2,0,0,,Fitness Expired,,,,UP04100310004526,2027-04-22,,R***L K***R,,,"Lucknow, 226001",,"Lucknow, 226001",,,,,,,,,,,,,ulip,true,false,false,Tata
UP78LT4366,UP78LT4366,UP-78,1,2025-11-20,"KANPUR NAGAR, Uttar Pradesh",2027-11-19,,2026-06-09,,Bajaj General Insurance Co. Ltd.,OG-26-9910-1803-00075725,2026-11-16,LGV,Goods Carrier(LGV),10/2025,MA3EDC03TSK3*****,K12NN45*****,1197.00,MARUTI SUZUKI INDIA LTD,SUPER CARRY STD (O) CNG,SUPERIOR WHITE,LOADER,CNG ONLY,2110,990,1620,4,2,0,0,,ACTIVE,,,,Newv4,2026-11-19,,OM E*********S,,,"Kanpur Nagar, 208022",,"Kanpur Nagar, 208022",,,,,,,,,,,,,ulip,false,false,false,Maruti Suzuki
UP50CT9813,UP50CT9813,UP-50,1,2021-02-01,"Azamgarh RTO, Uttar Pradesh",2027-11-16,,2026-06-09,H.D.B. FINANCIAL SERVICES LTD,Royal Sundaram General Insurance Co. Ltd,MOQ1317438000100,2022-01-14,LGV,Goods Carrier(LGV),12/2020,MA3EZLF1T001*****,G12BN8*****,1196.00,MARUTI SUZUKI INDIA LTD,SUPER CARRY STD CNG,SUPERIOR WHITE,RIGID (PICK-UP TRUCK),CNG ONLY,2110,975,1600,4,2,0,0,,ACTIVE,,,,UP05400110042955,2026-11-16,,MR . M******D O***R,,,"Azamgarh, 223224",,"Azamgarh, 223224",,,,,,,,,,,,,ulip,true,false,false,Maruti Suzuki
UP78HN5941,UP78HN5941,UP-78,1,2022-09-14,"KANPUR NAGAR, Uttar Pradesh",2028-02-22,,2026-06-09,TATA MOTORS FINANCE LTD.,SBI General,POCMVGC0100728117,2027-02-19,LGV,Goods Carrier(LGV),5/2022,MAT559029NVE*****,700CCDI02EXXS*****,702.00,TATA MOTORS LTD,TATA ACE GOLD+ DIESEL BSVI,TITANIUM_WH,LOADER,Diesel,2100,925,1675,2,2,0,0,,ACTIVE,,,,HR07300890003648,2027-02-20,,T****K I***L,,,"Kanpur Nagar, 208010",,"Kanpur Nagar, 208010",,,,,,,,,,,,,ulip,true,false,false,Tata
UP78FT1762,UP78FT1762,UP-78,2,2019-07-23,"KANPUR NAGAR, Uttar Pradesh",2027-11-12,,2026-06-09,,ICICI Lombard General Insurance Co. Ltd.,3003/416358699/00/B00,2026-11-10,LGV,Goods Carrier(LGV),4/2019,MAT445075KVD*****,275IDI07DPYS*****,702.00,TATA MOTORS LTD,TATA ACE GOLD BS-IV,ARCTIC_WHITE,LOADER,Diesel,2100,840,1550,2,2,0,0,,ACTIVE,,,,UP07800030032024,2026-11-10,,A*****H E*********S,,,"Kanpur Nagar, 208007",,"Kanpur Nagar, 208007",,,,,,,,,,,,,ulip,false,false,false,Tata
UP41CT6056,UP41CT6056,UP-41,1,2025-09-02,"Barabanki ARTO, Uttar Pradesh",2027-09-01,,2026-06-09,HDB FINANCIAL SERVICES LIMITED,National Insurance Co. Ltd.,45010531256360002455,2026-08-30,LGV,Goods Carrier(LGV),8/2025,MA1RV2TUKS1H*****,TUS1H*****,2523.00,MAHINDRA & MAHINDRA LIMITED,BOL MAXX PUP CITY 1.3 LXD,WHITE,OPEN BODY,Diesel,3150,1525,2825,4,3,0,0,,ACTIVE,,,,Newv4,2026-09-01,,S*****H P****P S***H,,,"Bara Banki, 225201",,"Bara Banki, 225201",,,,,,,,,,,,,ulip,true,false,false,Mahindra
UP78FN5416,UP78FN5416,UP-78,1,2019-01-05,"KANPUR NAGAR, Uttar Pradesh",2027-08-29,,2026-06-09,INDUSIND BANK LTD,GoDigit General Insurance Ltd.,D206418580,2026-06-10,LGV,Goods Carrier(LGV),3/2018,MAT445075JVC*****,275IDI07CRYS*****,702.00,TATA MOTORS LTD,TATA ACE GOLD BS-IV,ARCTIC_WHITE,LOADER,Diesel,2100,840,1550,2,2,0,0,,ACTIVE,,,,UP07801970042317,2027-01-12,,A**J K***R S**U,,,"Kanpur Nagar, 209206",,"Kanpur Nagar, 208021",,,,,,,,,,,,,ulip,true,false,false,Tata
UP78LT4367,UP78LT4367,UP-78,1,2025-11-20,"KANPUR NAGAR, Uttar Pradesh",2027-11-19,,2026-06-09,,Bajaj General Insurance Co. Ltd.,OG-26-9910-1803-00075727,2026-11-16,LGV,Goods Carrier(LGV),10/2025,MA3EDC03TSK3*****,K12NN45*****,1197.00,MARUTI SUZUKI INDIA LTD,SUPER CARRY STD (O) CNG,SUPERIOR WHITE,LOADER,CNG ONLY,2110,990,1620,4,2,0,0,,ACTIVE,,,,Newv4,2026-11-19,,OM E*********S,,,"Kanpur Nagar, 208022",,"Kanpur Nagar, 208022",,,,,,,,,,,,,ulip,false,false,false,Maruti Suzuki
UP32SN9808,UP32SN9808,UP-32,3,2023-04-04,"TRANSPORT NAGAR RTO LUCKNOW (UP32), Uttar Pradesh",2027-05-20,,2026-06-09,,SBI General,POCMVGC0100828292,2027-04-14,LGV,Goods Carrier(LGV),9/2022,MA1FH2XBWN6J*****,XBN6J*****,909.00,MAHINDRA & MAHINDRA LIMITED,SUPRO PROFITTRUCK MAXI LX,C1DMNDWHIT,HARD TOP,Diesel,2050,1135,2185,2,2,0,0,,ACTIVE,,,,UP04100760018165,2027-04-08,,V***Y Y***V,,,"Lucknow, 226020",,"Bara Banki, 225409",,,,,,,,,,,,,ulip,false,false,false,Mahindra
UP78FT3092,UP78FT3092,UP-78,2,2019-09-06,"KANPUR NAGAR, Uttar Pradesh",2027-11-12,,2026-06-09,,ICICI Lombard General Insurance Co. Ltd.,3003/416358273/00/B00,2026-11-10,LGV,Goods Carrier(LGV),7/2019,MAT445075KZG*****,275IDI07GPYS*****,702.00,TATA MOTORS LTD,TATA ACE GOLD BS-IV,ARCTIC_WHITE,LOADER,Diesel,2100,840,1550,2,2,0,0,,ACTIVE,,,,UP07801970040870,2026-11-11,,A*****H E*********S,,,"Kanpur Nagar, 208007",,"Kanpur Nagar, 208007",,,,,,,,,,,,,ulip,false,false,false,Tata
UP41CT6932,UP41CT6932,UP-41,1,2025-11-17,"Barabanki ARTO, Uttar Pradesh",2027-11-16,,2026-06-09,,SBI General,874038/N0008401337,2026-11-02,LGV,Goods Carrier(LGV),9/2025,MA3EDC03TSJ3*****,K12NN45*****,1197.00,MARUTI SUZUKI INDIA LTD,SUPER CARRY STD (O) CNG,SUPERIOR WHITE,DELIVERY VAN,CNG ONLY,2110,990,1620,4,2,0,0,,ACTIVE,,,,Newv4,2026-11-16,,T*E I******L E******C C*****Y,,,"Bara Banki, 225001",,"Gautam Buddha Nagar, 201306",,,,,,,,,,,,,ulip,false,false,false,Maruti Suzuki
UP32KN4808,UP32KN4808,UP-32,1,2018-06-08,"TRANSPORT NAGAR RTO LUCKNOW (UP32), Uttar Pradesh",2027-04-28,,2026-06-08,KOTAK MAHINDRA BANK LTD,Liberty General Insurance Limited,201320070426790090400000,2027-04-12,LGV,Goods Carrier(LGV),4/2018,MA3FZBH1T001*****,E08AN10*****,793.00,MARUTI SUZUKI INDIA LTD,MARUTI SUPER CARRY DIESEL STD.,SILKY SILVER,DELIVERY VAN,Diesel,2110,860,1600,2,2,0,0,,ACTIVE,,,,UP04100150009320,2027-04-09,,R*M B**U G***A,,,"Lucknow, 226001",,"Lucknow, 226001",,,,,,,,,,,,,ulip,true,false,false,Maruti Suzuki
UP41CT6778,UP41CT6778,UP-41,1,2025-11-07,"Barabanki ARTO, Uttar Pradesh",2027-11-05,,2026-06-09,TATA CAPITAL LIMITED,Universal Sompo General Insurance  Co. Ltd.,2315/79529187/00/000,2026-09-30,LGV,Goods Carrier(LGV),1/2025,MAT556052SVA*****,275MPFI04AUXS*****,694.00,TATA MOTORS LTD,ACE CNG 2.0 S CBC BSVI,ARCTIC_WHITE,OPEN BODY,CNG ONLY,2250,1220,1790,2,2,0,0,,ACTIVE,,,,Newv4,2026-11-06,,A***N L*L,,,"Bara Banki, 225405",,"Bara Banki, 225405",,,,,,,,,,,,,ulip,true,false,false,Tata
UP41CT6303,UP41CT6303,UP-41,1,2025-09-28,"Barabanki ARTO, Uttar Pradesh",2027-09-27,,2026-06-09,MAHINDRA & MAHINDRA FIN SER LTD.,National Insurance Co. Ltd.,45010531256360002797,2026-09-23,LGV,Goods Carrier(LGV),8/2025,MA1RV2TUKS6H*****,TUS4H*****,2523.00,MAHINDRA & MAHINDRA LIMITED,BOL MAXX PUP CITY 1.3 LXD,C1DMNDWHIT,OPEN BODY,Diesel,3150,1525,2825,4,3,0,0,,ACTIVE,,,,Newv4,2026-09-27,,V*****H K***R,,,"Bara Banki, 225121",,"Bara Banki, 225121",,,,,,,,,,,,,ulip,true,false,false,Mahindra
UP41CT6928,UP41CT6928,UP-41,1,2025-11-17,"Barabanki ARTO, Uttar Pradesh",2027-11-16,,2026-06-09,,SBI General,874041/N0008401348,2026-11-02,LGV,Goods Carrier(LGV),9/2025,MA3EDC03TSJ3*****,K12NN45*****,1197.00,MARUTI SUZUKI INDIA LTD,SUPER CARRY STD (O) CNG,SUPERIOR WHITE,DELIVERY VAN,CNG ONLY,2110,990,1620,4,2,0,0,,ACTIVE,,,,Newv4,2026-11-16,,T*E I******L E******C C*****Y,,,"Bara Banki, 225001",,"Gautam Buddha Nagar, 201306",,,,,,,,,,,,,ulip,false,false,false,Maruti Suzuki
UP41AT7675,UP41AT7675,UP-41,1,2019-03-29,"Barabanki ARTO, Uttar Pradesh",2027-05-04,,2026-06-09,HDB FIN SER LTD,GoDigit General Insurance Ltd.,D200035101,2026-04-30,LGV,Goods Carrier(LGV),12/2018,MA1FN2VARJ6M*****,VAJ6M*****,909.00,MAHINDRA & MAHINDRA LIMITED,MAHINDRA SUPRO MINITRUCK,M1DIMNDWHITE,HARD TOP,Diesel,1950,1020,1870,2,2,0,0,,ACTIVE,,,,UP04100150008484,2026-05-02,,D***P K***R,,,"Bara Banki, 225404",,"Bara Banki, 225404",,,,,,,,,,,,,ulip,true,false,false,Mahindra
UP44AT7251,UP44AT7251,UP-41,3,2020-03-25,"Barabanki ARTO, Uttar Pradesh",2026-08-26,,2026-06-09,,SBI General,POCMVGC0100839721,2027-04-28,LGV,Goods Carrier(LGV),5/2019,MAT445075KVE*****,275IDI07EPYS*****,702.00,TATA MOTORS LTD,TATA ACE GOLD BS-IV,ARCTIC_WHITE,LODAR,Diesel,2100,840,1550,2,2,0,0,,ACTIVE,,,,UP04100150008836,2026-09-06,,M****N L*L,,,"Bara Banki, 225403",,"Bara Banki, 225403",,,,,,,,,,,,,ulip,false,false,false,Tata
UP41AT9349,UP41AT9349,UP-41,1,2020-03-21,"Barabanki ARTO, Uttar Pradesh",2027-09-21,,2026-06-09,,GoDigit General Insurance Ltd.,D225585849,2026-09-19,LGV,Goods Carrier(LGV),1/2020,MA1FN2VARL6A*****,VAL6A*****,909.00,MAHINDRA & MAHINDRA LIMITED,MAHINDRA SUPRO MINITRUCK VX,M1DIMNDWHITE,HARD TOP,Diesel,1950,1020,1920,2,2,0,0,,ACTIVE,,,,UP04100050016065,2026-09-18,,MR V***L K***R,,,"Bara Banki, 225401",,"Bara Banki, 225401",,,,,,,,,,,,,ulip,false,false,false,Mahindra
UP41CT6936,UP41CT6936,UP-41,1,2025-11-17,"Barabanki ARTO, Uttar Pradesh",2027-11-16,,2026-06-09,,SBI General,874074/N0008401363,2026-11-02,LGV,Goods Carrier(LGV),9/2025,MA3EDC03TSJ3*****,K12NN44*****,1197.00,MARUTI SUZUKI INDIA LTD,SUPER CARRY STD (O) CNG,SUPERIOR WHITE,DELIVERY VAN,CNG ONLY,2110,990,1620,4,2,0,0,,ACTIVE,,,,Newv4,2026-11-16,,T*E I******L E******C C*****Y,,,"Bara Banki, 225001",,"Gautam Buddha Nagar, 201306",,,,,,,,,,,,,ulip,false,false,false,Maruti Suzuki